{
  "AWSTemplateFormatVersion": "2010-09-09",
  "Resources": {
    "VehicleEntryTable": {
      "Type": "AWS::DynamoDB::Table",
      "Properties": {
        "TableName": "VehicleEntryTable-s2110904",
        "AttributeDefinitions": [
          {
            "AttributeName": "ImageName",
            "AttributeType": "S"
          }
        ],
        "KeySchema": [
          {
            "AttributeName": "ImageName",
            "KeyType": "HASH"
          }
        ],
        "ProvisionedThroughput": {
          "ReadCapacityUnits": 5,
          "WriteCapacityUnits": 5
        }
      }
    },
    "VehicleTable": {
      "Type": "AWS::DynamoDB::Table",
      "Properties": {
        "TableName": "VehicleTable-s2110904",
        "AttributeDefinitions": [
          {
            "AttributeName": "VehicleRegistration",
            "AttributeType": "S"
          },
          {
            "AttributeName": "VehicleName",
            "AttributeType": "S"
          }
        ],
        "KeySchema": [
          {
            "AttributeName": "VehicleRegistration",
            "KeyType": "HASH"
          }
        ],
        "ProvisionedThroughput": {
          "ReadCapacityUnits": 5,
          "WriteCapacityUnits": 5
        },
        "GlobalSecondaryIndexes": [
          {
            "IndexName": "VehicleNameIndex",
            "KeySchema": [
              {
                "AttributeName": "VehicleName",
                "KeyType": "HASH"
              }
            ],
            "Projection": {
              "ProjectionType": "ALL"
            },
            "ProvisionedThroughput": {
              "ReadCapacityUnits": 5,
              "WriteCapacityUnits": 5
            }
          }
        ]
      }
    },
    "ImageProcessingQueue": {
      "Type": "AWS::SQS::Queue",
      "Properties": {
        "QueueName": "wamuyu-image-processing-queue",
        "RedrivePolicy": {
          "deadLetterTargetArn": { "Fn::GetAtt": ["DLQ", "Arn"] },
          "maxReceiveCount": 5
        },
        "DelaySeconds": 5
      }
    },
    "DLQ": {
      "Type": "AWS::SQS::Queue",
      "Properties": {
        "QueueName": "wamuyu-image-processing-dlq"
      }
    }
  }
}
